Hash,MessageLength,NumPreviousCommits
7d5dca26074fe172a602db7561e37c8115e0e2c7,16,1
0baa1de7e6b100686d3e5de6cf404a8e05294fab,23,1
a50c03ac81e4b1331e95dd7aa4c12475c30d711d,28,1
d304d580608b380b0276c0c03f51bc2cf6e6649c,67,2
bc01a05ce5d1f9e1eba6bd86447d9970ef0c0e8a,34,1
76fe945c1955c103aaaa158cb9bbac03a04c75aa,52,3
ccb3424462eecb25c1ef71721351665c802f4ac3,67,2
bdd6083733a84e43b04fcd9c67f71ec8b9e07a2e,67,3
7c0f5f5e399ca857cf4686c64c14065f510ee1f4,67,1
5a418391237e2499011c8b3e381a65104e137bb7,60,4
028493b5e82b9674367f77f7de81af7d65a38486,60,5
8046047356a31ee0efc3416dfd6ed566c154f121,80,6
9d8accf46e22a16826d0c04ee4fbefa3cdafe089,59,7
e6820da4fd8171b1458132a1ee4d215cf0bc3148,61,8
b553ca44f4fb259e7a83a12154136cc5a5a1aa1b,19,9
3b6b5b9d6c15809e2b4fdb2593451932e2d2209a,120,10
9944131ae6ec103336387c5bfa7d03336058be6c,21,11
5bf6a06d0bc7d743f90a9e4bbec05e6e24e9cc18,118,12
6bfef039c865153a6e9f2b4538cf2652b4830295,52,13
c674960bc94cbcc5c8d12d9482f46f223dc4ea48,57,14
d469868497d251a37cdefb3d0af43f4ce56cd91e,54,15
8c729195edf920febd0cf3b858e10e4e7c6cb836,55,16
b65c789bfa9ff86444577c96a95ddeaea2ba45c9,60,17
aed843e42c6ad35c1feb8343669f5c147938861a,60,18
258854ee9809a47b7d90f756aa9fe17ffca4f2ad,113,19
597405e8a7c9a23dd05235cbcbd040763e5d66f6,45,20
68fe7a9710f1f2ea8927d55c47b14ce173d8e319,37,21
bcc00e76c5080a44fbb8428f87408dfeee4d7b97,36,22
6cfee9f1d704053d744d181d2aeb75f39d6e07ec,35,23
b9961464fc88d9c623e031b348e48e0d8b2bed4c,36,24
67737f006d79d28789b0a3f9541e6bff6b3b73bc,35,25
d919f490103623c8409a683932f4c864125f60c2,36,26
46ad2ad47fcf88ce2ae0317144d5709b81fc56ba,42,27
c83ab0c6dd792d0a02559fe5b17be26a58db4403,49,28
a8f7a65c5456a44c2696e121e8fc8f9ae3880c7e,69,29
7fb79c0596e9ba32cab91fd4af49df4ccb135730,413,30
4fdde72cc5599748f2257f7745179fa6b18bc686,110,31
8efc9adde2bf2de72acf09e015200ad0a9dbde1d,16,32
c7ce302b5aa78cc5aba2cc3248c261d44f51a22a,16,33
ae0a629eb01db61d6dd9cf82f6f3878c44c437f6,16,34
747834008908a94dc0530686558468101a2b9dd7,16,35
b02a4375454adb2c77d7802fce3140f4730e78f3,16,36
8ce279eb8f1be9fbfcc5bd324f815908d7264a05,42,37
ce22e64f5ef9ea8a86059c63654c0dd7563d4ce3,55,38
340f05d7b907a7ed8ae0d08161cd998601858f79,48,39
799f597fe8605c40aeae65e19c9467d68b5cd7bf,46,40
149d2ac566e8963c834f047ee3308b1c6b5f5722,51,41
f381f188497b032b79c3a78df682267a1e58156a,44,42
c1e2abea3726c4482351498f7d345a49a9fed0a6,43,43
cd6f7a916595ce89230ac8bcb8b0b480644e475f,43,44
191300fa1f35923ca3837784b073c0c48409c402,103,45
66ee934cac97ed616558ff100fb9a7146a8ed312,45,46
c1404bb0c0856d0796519ad023fe49745fb85c47,46,47
e73cd7d394bf3f7914c41ab59c8395569474ff9c,58,48
f663d943e7d68759e634795e0e319a354ed4d321,70,49
0ae6522b5c552936976bf6eb433ff7d9ce539411,34,50
1cbee3607e6bc98f9b1a45aec3bc90c82fc12205,23,51
62f02c2e6fa1615a7504419bccafdd2bdb7b4a73,55,52
174aaaa6de6287e7e338e621ba9b665e8264ec35,112,53
e7eb4fc1975ada5da32047950addaf594911c4a9,49,54
fdee00dd5d3cf49d744cf8b2e021773681cb8511,22,55
307bc3df72917129000c602d8468903b8bca3a2c,34,56
ff1cf8ef60853faf8f162ea2e689a6cc70651292,86,57
db3ef125a6d85a44446f2f6c2dd3066b1ea76869,34,58
cea949a3065e047167f3b2180f30944a2cdee1e8,76,59
813f73a14c0957a34d71dd487488f428772a5721,21,60
c92721fd0627605ee21d61a1b86570f0a66ae009,14,61
